"people_id","party","legislator_name","last_name","ballotpedia","district_number","chamber","termination_date","setting_party_loyalty","leg_party_loyalty","leg_n_votes_denom_loyalty","leg_n_votes_party_line_partisan","leg_n_votes_party_line_bipartisan","leg_n_votes_cross_party","leg_n_votes_absent_nv","leg_n_votes_independent","leg_n_votes_other","leg_party_independence","rank_independent_all","rank_independent_R","rank_independent_D","rank_partisan_leg_R","rank_partisan_leg_D","n_white","n_hispanic","n_black","n_asian","n_native","n_pacific","n_total_demo","pct_white","pct_hispanic","pct_black","pct_asian","pct_napi","source_demo","year_demo","avg_pct_D","avg_pct_R","avg_party_lean","avg_party_lean_points_abs","avg_party_lean_points_R","pct_D_20_PRES","pct_D_22_GOV","pct_D_24_PRES","pct_R_20_PRES","pct_R_22_GOV","pct_R_24_PRES","incumb_people_id","rank_partisan_dist_R","rank_partisan_dist_D"
16506,"R","Mark Finchem","Finchem","http://ballotpedia.org/Mark_Finchem",1,"Senate",NA,"partisan_cross",0.992202729044834,513,509,398,4,25,13,1,0.0136842105263158,13,6,NA,8,NA,165065,19858,1964,2521,4134,130,194207,0.84994361686242,0.102251721101711,0.0101129207495095,0.0129809945058623,0.0219559542138028,"CVAP",22,0.342994926460531,0.648813610231896,"R",30.6,30.6,0.349644054181325,0.363559164395416,0.329388243632692,0.635785712307138,0.636432748065056,0.661517990277694,16506,2,29
20749,"R","Shawnna Bolick","Bolick","http://ballotpedia.org/Shawnna_Bolick",2,"Senate",NA,"partisan_cross",0.980769230769231,520,510,427,10,14,11,5,0.0112589559877175,18,8,NA,13,NA,121652,29750,9693,5692,3819,134,171478,0.709432113740538,0.173491643242865,0.0565262016118686,0.0331937624651559,0.0230525198567746,"CVAP",22,0.480204486956343,0.5087208315777,"R",2.9,2.9,0.480370269053943,0.507144162251051,0.466651758260189,0.50174280596172,0.489067543699373,0.522036488324854,20749,15,16
4262,"R","John Kavanagh","Kavanagh","http://ballotpedia.org/John_Kavanagh",3,"Senate",NA,"partisan_cross",0.992233009708738,515,511,409,4,45,5,1,0.00512820512820513,27,15,NA,7,NA,161274,10820,3526,6772,1951,54,184893,0.872255845272671,0.0585203333820101,0.019070489418204,0.0366265894328071,0.0108441098365,"CVAP",22,0.384146239312865,0.609395743304963,"R",22.5,22.5,0.387907364275029,0.400692968066089,0.373992312455171,0.602940155402804,0.596739666168887,0.618951575824082,4262,6,25
25452,"R","Carine Werner","Werner","http://ballotpedia.org/Carine_Werner",4,"Senate",NA,"partisan_cross",0.992015968063872,501,497,497,4,11,12,0,0.0117531831537708,17,7,NA,9,NA,153061,17335,4745,8521,1793,646,186461,0.820874070180896,0.0929685027968315,0.025447680748253,0.0456985643110355,0.0130804833182274,"CVAP",22,0.492949794235457,0.498621613432727,"R",0.6,0.6,0.498471084953941,0.518046148180173,0.477640971903858,0.489675025588536,0.47886342892828,0.512973999607047,25452,16,15
10699,"D","Lela Alston","Alston","http://ballotpedia.org/Lela_Alston",5,"Senate",NA,"partisan_cross",0.983213429256595,417,410,400,7,80,12,12,0.0130293159609121,14,NA,8,NA,3,98391,46455,12520,6264,5907,348,170361,0.577544156232941,0.272685649884657,0.0734909985266581,0.036768978815574,0.0367161498230229,"CVAP",22,0.690493478267555,0.297975084644604,"D",39.3,-39.3,0.690856115891515,0.720138778212311,0.675489509483197,0.293423011291435,0.276318209123564,0.311079559081708,10699,28,3
23027,"D","Theresa Hatathlie","Hatathlie","http://ballotpedia.org/Theresa_Hatathlie",6,"Senate",NA,"partisan_cross",0.977272727272727,440,430,306,10,107,37,6,0.0412946428571429,7,NA,4,NA,6,46511,13560,1852,984,98541,169,161326,0.288304427060734,0.0840534073862862,0.0114798606548232,0.00609945080148271,0.611866655095893,"CVAP",22,0.648975175185578,0.339762549731098,"D",30.9,-30.9,0.657378657378657,0.679744092721515,0.62938897532107,0.326232326232326,0.317281433901304,0.357768219395381,23027,26,5
21903,"R","Wendy Rogers","Rogers","http://ballotpedia.org/Wendy_Rogers",7,"Senate",NA,"partisan_cross",0.990439770554493,523,518,369,5,4,10,1,0.0110253583241455,20,9,NA,10,NA,147315,32637,4223,3184,8331,232,196648,0.749130425938733,0.165966600219682,0.0214749196533908,0.0161913673162198,0.0435448110329116,"CVAP",22,0.358788034634623,0.631985587694791,"R",27.3,27.3,0.366054211084305,0.37722416385379,0.345936881800198,0.618694225776561,0.619559697702901,0.644844213649852,21903,5,26
25451,"D","Lauren Kuby","Kuby","http://ballotpedia.org/Lauren_Kuby",8,"Senate",NA,"partisan_cross",0.981916817359855,553,543,436,10,1,15,14,0.014720314033366,12,NA,7,NA,4,118745,38466,14934,8148,7541,598,189054,0.628100965861606,0.203465676473389,0.0789933035005871,0.0430987971690628,0.0430511917229998,"CVAP",22,0.615734085875345,0.371012197193493,"D",24.5,-24.5,0.633825944170772,0.646628026496117,0.591241186417245,0.345658263305322,0.349289058931019,0.394550733268816,25451,22,9
24183,"D","Eva Burch","Burch","http://ballotpedia.org/Eva_Burch",9,"Senate",NA,"partisan_cross",0.917647058823529,85,78,126,7,305,2,2,0.00384615384615385,28,NA,13,NA,12,98431,40472,11313,4056,5733,316,160852,0.611935195086166,0.251610175813792,0.0703317335190113,0.0252157262576779,0.0376059980603288,"CVAP",22,0.517424117301039,0.467869870045911,"D",5,-5,0.517219551969788,0.537412724562642,0.507532096335864,0.459027122135439,0.457644936063387,0.477403710992409,24183,18,13
11744,"R","David Farnsworth","Farnsworth","http://ballotpedia.org/David_Farnsworth",10,"Senate",NA,"partisan_cross",0.968253968253968,567,549,387,18,0,78,2,0.0754352030947776,2,2,NA,15,NA,140750,23740,6039,4866,2666,215,178604,0.788056258538443,0.132919755436608,0.0338122326487649,0.0272446305793823,0.0161306577680231,"CVAP",22,0.3972999885569,0.592495580545586,"R",19.5,19.5,0.389769410753115,0.4183394893207,0.390545527076892,0.593694967383486,0.577324554360045,0.599481400219408,11744,9,22
4343,"D","Catherine Miranda","Miranda","http://ballotpedia.org/Catherine_Miranda",11,"Senate",NA,"partisan_cross",0.939784946236559,465,437,355,28,43,11,5,0.012514220705347,15,NA,9,NA,11,36830,69771,27380,4413,3891,333,142712,0.258072201356578,0.488893716015472,0.191854924603397,0.0309224171758507,0.029598071640787,"CVAP",22,0.720089249265534,0.267378782463873,"D",45.3,-45.3,0.750208512440173,0.747557871055592,0.691295306783186,0.233598090667625,0.249146488267914,0.293385275459977,4343,29,2
18569,"D","Denise Epstein","Epstein","http://ballotpedia.org/Mitzi_Epstein",12,"Senate",NA,"partisan_cross",0.974358974358974,468,456,414,12,36,55,14,0.0557244174265451,4,NA,1,NA,7,119809,29734,11678,12163,4180,333,178100,0.67270634475014,0.166951151038742,0.0655699045480067,0.0682930937675463,0.0253396967995508,"CVAP",22,0.58388792208508,0.404048577204171,"D",18,-18,0.584684869636625,0.606530198266026,0.572168310218835,0.398532128926299,0.390066218707029,0.413797980591679,18569,20,11
10696,"R","Javan Mesnard","Mesnard","http://ballotpedia.org/J.D._Mesnard",13,"Senate",NA,"partisan_cross",0.995841995841996,481,479,403,2,18,14,3,0.015233949945593,10,5,NA,1,NA,109544,27871,9955,14988,3097,188,166227,0.659002448459035,0.16766830899914,0.0598879845031192,0.0901658575321699,0.0197621325055496,"CVAP",22,0.499978495920294,0.488864235702142,"D",1.1,-1.1,0.50720607630337,0.517795179838769,0.487456363769519,0.478000413137781,0.478913105009907,0.499271712330439,10696,17,14
14707,"R","Warren Petersen","Petersen","http://ballotpedia.org/Warren_Petersen",14,"Senate",NA,"partisan_cross",0.992610837438424,406,403,266,3,2,48,0,0.0664819944598338,3,3,NA,6,NA,118456,24166,6889,9382,1941,134,161707,0.732534769676019,0.149443128621519,0.0426017426580173,0.0580185149684306,0.012831850198198,"CVAP",22,0.414255052290536,0.575597413875292,"R",16.1,16.1,0.416565724712124,0.434342323609973,0.403056080420024,0.567380671276775,0.563018573684947,0.585995205269722,14707,10,21
21899,"R","Jake Hoffman","Hoffman","http://ballotpedia.org/Jake_Hoffman",15,"Senate",NA,"partisan_cross",0.848072562358277,441,374,186,67,25,167,5,0.202669902912621,1,1,NA,17,NA,118468,29905,7835,5279,3103,318,165619,0.715304403480277,0.180565031789831,0.0473073741539316,0.0318743622410472,0.0206558426267518,"CVAP",22,0.353057295415896,0.637341250349983,"R",28.4,28.4,0.35619142821442,0.371036810902612,0.342500471273276,0.627722937231871,0.626108338456088,0.647766862855986,21899,3,28
14709,"R","Thomas Shope","Shope","http://ballotpedia.org/T.J._Shope",16,"Senate",NA,"partisan_cross",0.993963782696177,497,494,463,3,11,2,2,0.00205128205128205,30,17,NA,3,NA,90179,54623,11508,2902,13928,1014,174747,0.516054638992372,0.312583334763973,0.0658552078147264,0.0166068659261675,0.0855064750753947,"CVAP",22,0.462173164647064,0.528319673759211,"R",6.6,6.6,0.472933273070918,0.479813602217491,0.447972891649925,0.511987427068781,0.517012814847547,0.542139226560258,14709,13,18
16652,"R","Vince Leach","Leach","http://ballotpedia.org/Vince_Leach",17,"Senate",NA,"partisan_cross",0.983402489626556,482,474,466,8,18,7,3,0.00717213114754098,25,13,NA,11,NA,136452,33310,5768,5818,1764,215,183899,0.741994246842017,0.181132034431944,0.0313650427680412,0.0316369311415505,0.0107613418235009,"CVAP",22,0.480621366394366,0.510191349799007,"R",3,3,0.471304999866099,0.500127331762908,0.475526566974228,0.51425376931523,0.497532947093653,0.514489341393573,16652,14,17
24253,"D","Priya Sundareshan","Sundareshan","http://ballotpedia.org/Priya_Sundareshan",18,"Senate",NA,"partisan_cross",0.988713318284424,443,438,288,5,83,27,8,0.0318021201413428,8,NA,5,NA,1,131868,38363,8305,7785,3562,255,190364,0.692715009140384,0.201524447899813,0.0436269462713538,0.0408953373537013,0.0200510600743838,"CVAP",22,0.62026219535224,0.369155519409714,"D",25.1,-25.1,0.612577118735794,0.641266632059233,0.613602515306967,0.37314283652632,0.356183346538801,0.373647947286868,24253,23,8
4233,"R","David Gowan","Gowan","http://ballotpedia.org/David_Gowan",19,"Senate",NA,"partisan_cross",0.993119266055046,436,433,386,3,50,5,0,0.00570125427594071,26,14,NA,5,NA,114751,45481,6464,3673,2809,419,174057,0.659272537157368,0.261299459372504,0.0371372596333385,0.0211022825855898,0.0185456488391734,"CVAP",22,0.389839174512623,0.600207253986004,"R",21,21,0.382830983148706,0.416508729763783,0.380008492569002,0.600838721249028,0.580219594058043,0.609885350318471,4233,8,23
10704,"D","Sally Gonzales","Gonzales","http://ballotpedia.org/Sally_Ann_Gonzales",20,"Senate",NA,"partisan_cross",0.987421383647799,318,314,293,4,131,36,6,0.0459183673469388,6,NA,3,NA,2,73693,81807,5919,5342,6703,264,174075,0.423340514146201,0.469952606635071,0.0340025850926325,0.030687921872756,0.0400229786011777,"CVAP",22,0.732980801108734,0.255429174423414,"D",47.8,-47.8,0.74568685248602,0.768415790492163,0.708910280728376,0.239769820971867,0.228504160485067,0.276721358118361,10704,30,1
15258,"D","Rosanna Gabaldon","Gabaldon","http://ballotpedia.org/Rosanna_Gabaldon",21,"Senate",NA,"partisan_cross",0.968926553672316,354,343,380,11,172,8,6,0.00869565217391304,23,NA,12,NA,8,61333,84005,8089,3260,3524,250,161031,0.380876973998795,0.521669740608951,0.0502325639162646,0.0202445491861815,0.0234364811744323,"CVAP",22,0.613617369827646,0.3754894306049,"D",23.8,-23.8,0.634588681725194,0.646853531621889,0.58651363298175,0.34927869582269,0.350018078634198,0.401330473981356,15258,21,10
24497,"D","Eva Diaz","Diaz","http://ballotpedia.org/Eva_Diaz",22,"Senate",NA,"partisan_cross",0.979253112033195,482,472,369,10,35,10,6,0.0110864745011086,19,NA,11,NA,5,41017,81143,16257,3688,2893,228,146246,0.280465790517347,0.554839106710611,0.111162014687581,0.025217783734256,0.0213407546189297,"CVAP",22,0.629572145774972,0.360104995444883,"D",26.9,-26.9,0.666449848669888,0.651595507621,0.6001216134045,0.318164923272978,0.3444157233265,0.388919667590028,24497,25,6
23038,"D","Brian Fernandez","Fernandez","http://ballotpedia.org/Brian_Fernandez",23,"Senate",NA,"partisan_cross",0.843037974683544,395,333,416,62,163,15,11,0.015,11,NA,6,NA,13,49576,80213,5812,2275,8206,339,146568,0.338245728944927,0.547274984989902,0.03965394902025,0.0155218055782981,0.058300584029256,"CVAP",22,0.529633092901298,0.460876891588501,"D",6.9,-6.9,0.559522357475667,0.55076105426805,0.504124479930738,0.42451150196375,0.446220036877689,0.486388013756283,23038,19,12
24241,"D","Analise Ortiz","Ortiz","http://ballotpedia.org/Analise_Ortiz",24,"Senate",NA,"partisan_cross",0.95850622406639,482,462,345,20,21,45,11,0.0497787610619469,5,NA,2,NA,10,41818,69203,11365,3370,3587,165,129845,0.322060918787785,0.532966228965305,0.0875274365589742,0.025954022103277,0.0288959913743309,"CVAP",22,0.624313880369726,0.36405252487896,"D",26,-26,0.651426651090592,0.654357823278222,0.595735523555045,0.33143433244251,0.341317201357714,0.391729282857809,24241,24,7
19572,"R","Tim Dunn","Dunn","http://ballotpedia.org/Tim_Dunn_(Arizona)",25,"Senate",NA,"partisan_cross",0.994296577946768,526,523,409,3,6,3,2,0.00317124735729387,29,16,NA,2,NA,103691,55822,8794,3930,2802,302,175880,0.589555378667273,0.317386854673641,0.05,0.022344780532181,0.0176483966340687,"CVAP",22,0.358410913415809,0.63254067971624,"R",27.4,27.4,0.371977286971815,0.364321547148777,0.348672409771321,0.612522100300283,0.632649104524635,0.64249575702002,19572,4,27
24232,"D","Flavio Bravo","Bravo","http://ballotpedia.org/Flavio_Bravo",26,"Senate",NA,"partisan_cross",0.964435146443515,478,461,348,17,127,12,6,0.0123583934088568,16,NA,10,NA,9,41817,63751,11595,4421,4618,157,126723,0.329987452948557,0.503073633042147,0.0914987808053787,0.0348871159931504,0.0376806104653457,"CVAP",22,0.664255736060647,0.323521891993646,"D",34.1,-34.1,0.685890257558791,0.695519990822004,0.637806347930896,0.296630039193729,0.299747605116733,0.348854961832061,24232,27,4
18663,"R","Kevin Payne","Payne","http://ballotpedia.org/Kevin_Payne",27,"Senate",NA,"partisan_cross",0.983009708737864,412,405,383,7,16,13,2,0.0157384987893462,9,4,NA,12,NA,120990,37260,7972,7355,3582,155,177918,0.680032374464641,0.209422318146562,0.0448071583538484,0.0413392686518508,0.0210040580492137,"CVAP",22,0.45048408619395,0.538832425096373,"R",8.8,8.8,0.452808353273874,0.473318036246733,0.437904977627597,0.530337176419404,0.522914953924684,0.551038785020701,18663,12,19
20688,"R","Frank Carroll","Carroll","http://ballotpedia.org/Frank_Carroll",28,"Senate",NA,"partisan_cross",0.9800796812749,502,492,367,10,11,8,4,0.00896860986547085,22,11,NA,14,NA,151908,14253,4396,6362,1735,240,179332,0.84707692994,0.0794782860839114,0.0245131934066424,0.0354761001940535,0.011013093034149,"CVAP",22,0.387536851574134,0.605947810445036,"R",21.8,21.8,0.378251105340726,0.410041354569763,0.380927473193024,0.612190329145905,0.587151849329857,0.612224531652191,20688,7,24
23642,"R","Janae Shamp","Shamp","http://ballotpedia.org/Janae_Shamp",29,"Senate",NA,"partisan_cross",0.993890020366599,491,488,393,3,43,10,2,0.0106496272630458,21,10,NA,4,NA,116569,39217,11851,5445,2464,574,176755,0.659494780911431,0.221872082826511,0.067047608271336,0.0308053520409607,0.0171876325987949,"CVAP",22,0.418604353689995,0.573088720671091,"R",15.4,15.4,0.431520379555747,0.434635712852077,0.404130661176078,0.555074401552728,0.562442853638411,0.587418813746611,23642,11,20
25450,"R","Hildy Angius","Angius","http://ballotpedia.org/Hildy_Angius",30,"Senate",NA,"partisan_cross",0.957589285714286,448,429,514,19,2,8,0,0.00823045267489712,24,12,NA,16,NA,155540,26107,2429,2104,5598,357,192812,0.806692529510611,0.135401323569072,0.0125977636246707,0.0109121838889696,0.0308850071572309,"CVAP",22,0.233682930912951,0.759259541176434,"R",52.6,52.6,0.240446811052515,0.252032344078562,0.221126284260363,0.747205297561142,0.744726744564157,0.772553061290219,25450,1,30
4230,"R","Steve Montenegro","Montenegro","http://ballotpedia.org/Steve_B._Montenegro",29,"House",NA,"partisan_cross",0.985185185185185,405,399,814,6,172,11,1,0.00784034212401996,44,26,NA,1,NA,116569,39217,11851,5445,2464,574,176755,0.659494780911431,0.221872082826511,0.067047608271336,0.0308053520409607,0.0171876325987949,"CVAP",22,0.418604353689995,0.573088720671091,"R",15.4,15.4,0.431520379555747,0.434635712852077,0.404130661176078,0.555074401552728,0.562442853638411,0.587418813746611,4230,11,20
4260,"R","Laurin Hendrix","Hendrix","http://ballotpedia.org/Laurin_Hendrix",14,"House",NA,"partisan_cross",0.918981481481482,432,397,919,35,44,85,4,0.057277628032345,12,11,NA,27,NA,118456,24166,6889,9382,1941,134,161707,0.732534769676019,0.149443128621519,0.0426017426580173,0.0580185149684306,0.012831850198198,"CVAP",22,0.414255052290536,0.575597413875292,"R",16.1,16.1,0.416565724712124,0.434342323609973,0.403056080420024,0.567380671276775,0.563018573684947,0.585995205269722,4260,10,21
10680,"R","Justin Olson","Olson","http://ballotpedia.org/Justin_Olson",10,"House",NA,"partisan_cross",0.909090909090909,484,440,319,44,7,107,1,0.116557734204793,3,3,NA,29,NA,140750,23740,6039,4866,2666,215,178604,0.788056258538443,0.132919755436608,0.0338122326487649,0.0272446305793823,0.0161306577680231,"CVAP",22,0.3972999885569,0.592495580545586,"R",19.5,19.5,0.389769410753115,0.4183394893207,0.390545527076892,0.593694967383486,0.577324554360045,0.599481400219408,10680,9,22
10708,"R","Gail Griffin","Griffin","http://ballotpedia.org/Gail_Griffin",19,"House",NA,"partisan_cross",0.966183574879227,414,400,296,14,100,21,1,0.0252403846153846,28,17,NA,6,NA,114751,45481,6464,3673,2809,419,174057,0.659272537157368,0.261299459372504,0.0371372596333385,0.0211022825855898,0.0185456488391734,"CVAP",22,0.389839174512623,0.600207253986004,"R",21,21,0.382830983148706,0.416508729763783,0.380008492569002,0.600838721249028,0.580219594058043,0.609885350318471,10708,8,23
14554,"D","Lupe Contreras","Contreras","http://ballotpedia.org/Lupe_Contreras",22,"House",NA,"partisan_cross",0.910550458715596,436,397,916,39,143,4,5,0.00265957446808511,56,NA,25,NA,21,41017,81143,16257,3688,2893,228,146246,0.280465790517347,0.554839106710611,0.111162014687581,0.025217783734256,0.0213407546189297,"CVAP",22,0.629572145774972,0.360104995444883,"D",26.9,-26.9,0.666449848669888,0.651595507621,0.6001216134045,0.318164923272978,0.3444157233265,0.388919667590028,14554,25,6
14555,"D","Lydia Hernandez","Hernandez","http://ballotpedia.org/Lydia_Hernandez",24,"House",NA,"partisan_cross",0.731818181818182,440,322,351,118,65,6,4,0.0069284064665127,48,NA,20,NA,27,41818,69203,11365,3370,3587,165,129845,0.322060918787785,0.532966228965305,0.0875274365589742,0.025954022103277,0.0288959913743309,"CVAP",22,0.624313880369726,0.36405252487896,"D",26,-26,0.651426651090592,0.654357823278222,0.595735523555045,0.33143433244251,0.341317201357714,0.391729282857809,14555,24,7
14703,"R","David Livingston","Livingston","http://ballotpedia.org/David_Livingston",28,"House",NA,"partisan_cross",0.946666666666667,450,426,367,24,15,18,0,0.0211764705882353,33,19,NA,22,NA,151908,14253,4396,6362,1735,240,179332,0.84707692994,0.0794782860839114,0.0245131934066424,0.0354761001940535,0.011013093034149,"CVAP",22,0.387536851574134,0.605947810445036,"R",21.8,21.8,0.378251105340726,0.410041354569763,0.380927473193024,0.612190329145905,0.587151849329857,0.612224531652191,14703,7,24
16648,"R","Tony Rivero","Rivero","http://ballotpedia.org/Tony_Rivero",27,"House",NA,"partisan_cross",0.95873786407767,412,395,342,17,34,9,0,0.0112923462986198,38,21,NA,14,NA,120990,37260,7972,7355,3582,155,177918,0.680032374464641,0.209422318146562,0.0448071583538484,0.0413392686518508,0.0210040580492137,"CVAP",22,0.45048408619395,0.538832425096373,"R",8.8,8.8,0.452808353273874,0.473318036246733,0.437904977627597,0.530337176419404,0.522914953924684,0.551038785020701,16648,12,19
16649,"R","Jeff Weninger","Weninger","http://ballotpedia.org/Jeff_Weninger",13,"House",NA,"partisan_cross",0.959227467811159,466,447,465,19,13,9,1,0.00943396226415094,40,23,NA,13,NA,109544,27871,9955,14988,3097,188,166227,0.659002448459035,0.16766830899914,0.0598879845031192,0.0901658575321699,0.0197621325055496,"CVAP",22,0.499978495920294,0.488864235702142,"D",1.1,-1.1,0.50720607630337,0.517795179838769,0.487456363769519,0.478000413137781,0.478913105009907,0.499271712330439,16649,17,14
20172,"R","Walter Blackman","Blackman","http://ballotpedia.org/Walter_Blackman",7,"House",NA,"partisan_cross",0.952965235173824,489,466,403,23,35,25,4,0.0261506276150628,27,16,NA,18,NA,147315,32637,4223,3184,8331,232,196648,0.749130425938733,0.165966600219682,0.0214749196533908,0.0161913673162198,0.0435448110329116,"CVAP",22,0.358788034634623,0.631985587694791,"R",27.3,27.3,0.366054211084305,0.37722416385379,0.345936881800198,0.618694225776561,0.619559697702901,0.644844213649852,20172,5,26
20249,"R","Leo Biasiucci","Biasiucci","http://ballotpedia.org/Leo_Biasiucci",30,"House",NA,"partisan_cross",0.961098398169336,437,420,343,17,72,16,0,0.0184331797235023,35,20,NA,10,NA,155540,26107,2429,2104,5598,357,192812,0.806692529510611,0.135401323569072,0.0125977636246707,0.0109121838889696,0.0308850071572309,"CVAP",22,0.233682930912951,0.759259541176434,"R",52.6,52.6,0.240446811052515,0.252032344078562,0.221126284260363,0.747205297561142,0.744726744564157,0.772553061290219,20249,1,30
20571,"D","Alma Hernandez","Hernandez","http://ballotpedia.org/Alma_Hernandez",20,"House",NA,"partisan_cross",0.740648379052369,401,297,387,104,79,4,6,0.00456100342075257,51,NA,22,NA,26,73693,81807,5919,5342,6703,264,174075,0.423340514146201,0.469952606635071,0.0340025850926325,0.030687921872756,0.0400229786011777,"CVAP",22,0.732980801108734,0.255429174423414,"D",47.8,-47.8,0.74568685248602,0.768415790492163,0.708910280728376,0.239769820971867,0.228504160485067,0.276721358118361,20571,30,1
20754,"D","Myron Tsosie","Tsosie","http://ballotpedia.org/Myron_Tsosie",6,"House",NA,"partisan_cross",0.779411764705882,340,265,328,75,114,2,4,0.00253807106598985,58,NA,26,NA,24,46511,13560,1852,984,98541,169,161326,0.288304427060734,0.0840534073862862,0.0114798606548232,0.00609945080148271,0.611866655095893,"CVAP",22,0.648975175185578,0.339762549731098,"D",30.9,-30.9,0.657378657378657,0.679744092721515,0.62938897532107,0.326232326232326,0.317281433901304,0.357768219395381,20754,26,5
21898,"R","Joseph Chaplik","Chaplik","http://ballotpedia.org/Joseph_Chaplik",3,"House",NA,"partisan_cross",0.877984084880637,377,331,190,46,85,110,2,0.143979057591623,1,1,NA,32,NA,161274,10820,3526,6772,1951,54,184893,0.872255845272671,0.0585203333820101,0.019070489418204,0.0366265894328071,0.0108441098365,"CVAP",22,0.384146239312865,0.609395743304963,"R",22.5,22.5,0.387907364275029,0.400692968066089,0.373992312455171,0.602940155402804,0.596739666168887,0.618951575824082,21898,6,25
21902,"R","Beverly Pingerelli","Pingerelli","http://ballotpedia.org/Beverly_Pingerelli",28,"House",NA,"partisan_cross",0.912429378531073,354,323,280,31,108,65,2,0.0803461063040791,8,8,NA,28,NA,151908,14253,4396,6362,1735,240,179332,0.84707692994,0.0794782860839114,0.0245131934066424,0.0354761001940535,0.011013093034149,"CVAP",22,0.387536851574134,0.605947810445036,"R",21.8,21.8,0.378251105340726,0.410041354569763,0.380927473193024,0.612190329145905,0.587151849329857,0.612224531652191,14703,7,24
21904,"R","Justin Wilmeth","Wilmeth","http://ballotpedia.org/Justin_Wilmeth",2,"House",NA,"partisan_cross",0.954976303317536,422,403,368,19,6,3,0,0.00375469336670839,52,30,NA,16,NA,121652,29750,9693,5692,3819,134,171478,0.709432113740538,0.173491643242865,0.0565262016118686,0.0331937624651559,0.0230525198567746,"CVAP",22,0.480204486956343,0.5087208315777,"R",2.9,2.9,0.480370269053943,0.507144162251051,0.466651758260189,0.50174280596172,0.489067543699373,0.522036488324854,21904,15,16
22291,"R","Quang Nguyen","Nguyen","http://ballotpedia.org/Quang_Nguyen",1,"House",NA,"partisan_cross",0.96421052631579,475,458,424,17,5,9,4,0.00981461286804798,39,22,NA,8,NA,165065,19858,1964,2521,4134,130,194207,0.84994361686242,0.102251721101711,0.0101129207495095,0.0129809945058623,0.0219559542138028,"CVAP",22,0.342994926460531,0.648813610231896,"R",30.6,30.6,0.349644054181325,0.363559164395416,0.329388243632692,0.635785712307138,0.636432748065056,0.661517990277694,22291,2,29
22293,"D","Stephanie Stahl Hamilton","Stahl Hamilton","http://ballotpedia.org/Stephanie_Stahl_Hamilton",21,"House",NA,"partisan_cross",0.990588235294118,425,421,361,4,97,26,6,0.0284153005464481,23,NA,9,NA,1,61333,84005,8089,3260,3524,250,161031,0.380876973998795,0.521669740608951,0.0502325639162646,0.0202445491861815,0.0234364811744323,"CVAP",22,0.613617369827646,0.3754894306049,"D",23.8,-23.8,0.634588681725194,0.646853531621889,0.58651363298175,0.34927869582269,0.350018078634198,0.401330473981356,22293,21,10
23000,"R","Lupe Diaz","Diaz","http://ballotpedia.org/Lupe_Diaz",19,"House",NA,"partisan_cross",0.964435146443515,478,461,399,17,2,29,2,0.0318681318681319,18,13,NA,7,NA,114751,45481,6464,3673,2809,419,174057,0.659272537157368,0.261299459372504,0.0371372596333385,0.0211022825855898,0.0185456488391734,"CVAP",22,0.389839174512623,0.600207253986004,"R",21,21,0.382830983148706,0.416508729763783,0.380008492569002,0.600838721249028,0.580219594058043,0.609885350318471,10708,8,23
23001,"R","Teresa Martinez","Martinez","http://ballotpedia.org/Teresa_Martinez",16,"House",NA,"partisan_cross",0.951648351648352,455,433,358,22,53,7,1,0.0080091533180778,43,25,NA,19,NA,90179,54623,11508,2902,13928,1014,174747,0.516054638992372,0.312583334763973,0.0658552078147264,0.0166068659261675,0.0855064750753947,"CVAP",22,0.462173164647064,0.528319673759211,"R",6.6,6.6,0.472933273070918,0.479813602217491,0.447972891649925,0.511987427068781,0.517012814847547,0.542139226560258,23001,13,18
23022,"D","Sarah Liguori","Liguori","http://ballotpedia.org/Sarah_Liguori",5,"House",NA,"partisan_cross",0.973684210526316,456,444,390,12,5,29,7,0.0326944757609921,17,NA,5,NA,10,98391,46455,12520,6264,5907,348,170361,0.577544156232941,0.272685649884657,0.0734909985266581,0.036768978815574,0.0367161498230229,"CVAP",22,0.690493478267555,0.297975084644604,"D",39.3,-39.3,0.690856115891515,0.720138778212311,0.675489509483197,0.293423011291435,0.276318209123564,0.311079559081708,23022,28,3
23039,"D","Christopher Mathis","Mathis","http://ballotpedia.org/Christopher_Mathis",18,"House",NA,"partisan_cross",0.972916666666667,480,467,1051,13,4,26,6,0.0165922144224633,36,NA,16,NA,11,131868,38363,8305,7785,3562,255,190364,0.692715009140384,0.201524447899813,0.0436269462713538,0.0408953373537013,0.0200510600743838,"CVAP",22,0.62026219535224,0.369155519409714,"D",25.1,-25.1,0.612577118735794,0.641266632059233,0.613602515306967,0.37314283652632,0.356183346538801,0.373647947286868,23039,23,8
23050,"R","Neal Carter","Carter","http://ballotpedia.org/Neal_Carter",15,"House",NA,"partisan_cross",0.925170068027211,441,408,941,33,8,65,1,0.0446428571428571,14,12,NA,25,NA,118468,29905,7835,5279,3103,318,165619,0.715304403480277,0.180565031789831,0.0473073741539316,0.0318743622410472,0.0206558426267518,"CVAP",22,0.353057295415896,0.637341250349983,"R",28.4,28.4,0.35619142821442,0.371036810902612,0.342500471273276,0.627722937231871,0.626108338456088,0.647766862855986,23050,3,28
23641,"R","Selina Bliss","Bliss","http://ballotpedia.org/Selina_Bliss",1,"House",NA,"partisan_cross",0.959641255605381,446,428,445,18,10,7,4,0.00767543859649123,46,28,NA,12,NA,165065,19858,1964,2521,4134,130,194207,0.84994361686242,0.102251721101711,0.0101129207495095,0.0129809945058623,0.0219559542138028,"CVAP",22,0.342994926460531,0.648813610231896,"R",30.6,30.6,0.349644054181325,0.363559164395416,0.329388243632692,0.635785712307138,0.636432748065056,0.661517990277694,22291,2,29
23883,"R","Matt Gress","Gress","http://ballotpedia.org/Matt_Gress",4,"House",NA,"partisan_cross",0.924611973392461,451,417,425,34,56,27,1,0.028125,24,15,NA,26,NA,153061,17335,4745,8521,1793,646,186461,0.820874070180896,0.0929685027968315,0.025447680748253,0.0456985643110355,0.0130804833182274,"CVAP",22,0.492949794235457,0.498621613432727,"R",0.6,0.6,0.498471084953941,0.518046148180173,0.477640971903858,0.489675025588536,0.47886342892828,0.512973999607047,23883,16,15
24184,"R","John Gillette","Gillette","http://ballotpedia.org/John_Gillette",30,"House",NA,"partisan_cross",0.98343685300207,483,475,406,8,8,7,5,0.0077007700770077,45,27,NA,2,NA,155540,26107,2429,2104,5598,357,192812,0.806692529510611,0.135401323569072,0.0125977636246707,0.0109121838889696,0.0308850071572309,"CVAP",22,0.233682930912951,0.759259541176434,"R",52.6,52.6,0.240446811052515,0.252032344078562,0.221126284260363,0.747205297561142,0.744726744564157,0.772553061290219,20249,1,30
24229,"D","Cesar Aguilar","Aguilar","http://ballotpedia.org/Cesar_Aguilar_(Arizona)",26,"House",NA,"partisan_cross",0.951653944020356,393,374,301,19,64,19,13,0.0240506329113924,31,NA,13,NA,15,41817,63751,11595,4421,4618,157,126723,0.329987452948557,0.503073633042147,0.0914987808053787,0.0348871159931504,0.0376806104653457,"CVAP",22,0.664255736060647,0.323521891993646,"D",34.1,-34.1,0.685890257558791,0.695519990822004,0.637806347930896,0.296630039193729,0.299747605116733,0.348854961832061,24229,27,4
24230,"D","Lorena Austin","Austin","http://ballotpedia.org/Lorena_Austin",9,"House",NA,"partisan_cross",0.990566037735849,424,420,371,4,26,21,4,0.024822695035461,29,NA,12,NA,2,98431,40472,11313,4056,5733,316,160852,0.611935195086166,0.251610175813792,0.0703317335190113,0.0252157262576779,0.0376059980603288,"CVAP",22,0.517424117301039,0.467869870045911,"D",5,-5,0.517219551969788,0.537412724562642,0.507532096335864,0.459027122135439,0.457644936063387,0.477403710992409,24230,18,13
24233,"D","Patricia Contreras","Contreras","http://ballotpedia.org/Patricia_Contreras",12,"House",NA,"partisan_cross",0.950537634408602,465,442,424,23,11,20,13,0.0214362272240086,32,NA,14,NA,16,119809,29734,11678,12163,4180,333,178100,0.67270634475014,0.166951151038742,0.0655699045480067,0.0682930937675463,0.0253396967995508,"CVAP",22,0.58388792208508,0.404048577204171,"D",18,-18,0.584684869636625,0.606530198266026,0.572168310218835,0.398532128926299,0.390066218707029,0.413797980591679,24233,20,11
24234,"D","Oscar De Los Santos","De Los Santos","http://ballotpedia.org/Oscar_De_Los_Santos",11,"House",NA,"partisan_cross",0.990147783251232,406,402,922,4,61,10,4,0.00712758374910905,47,NA,19,NA,3,36830,69771,27380,4413,3891,333,142712,0.258072201356578,0.488893716015472,0.191854924603397,0.0309224171758507,0.029598071640787,"CVAP",22,0.720089249265534,0.267378782463873,"D",45.3,-45.3,0.750208512440173,0.747557871055592,0.691295306783186,0.233598090667625,0.249146488267914,0.293385275459977,24234,29,2
24235,"D","Nancy Gutierrez","Gutierrez","http://ballotpedia.org/Nancy_Gutierrez",18,"House",NA,"partisan_cross",0.98669623059867,451,445,367,6,16,35,5,0.040045766590389,15,NA,3,NA,5,131868,38363,8305,7785,3562,255,190364,0.692715009140384,0.201524447899813,0.0436269462713538,0.0408953373537013,0.0200510600743838,"CVAP",22,0.62026219535224,0.369155519409714,"D",25.1,-25.1,0.612577118735794,0.641266632059233,0.613602515306967,0.37314283652632,0.356183346538801,0.373647947286868,23039,23,8
24239,"R","Rachel Keshel","Keshel","http://ballotpedia.org/Rachel_Jones_(Arizona)",17,"House",NA,"partisan_cross",0.907975460122699,489,444,265,45,77,98,9,0.104477611940299,4,4,NA,31,NA,136452,33310,5768,5818,1764,215,183899,0.741994246842017,0.181132034431944,0.0313650427680412,0.0316369311415505,0.0107613418235009,"CVAP",22,0.480621366394366,0.510191349799007,"R",3,3,0.471304999866099,0.500127331762908,0.475526566974228,0.51425376931523,0.497532947093653,0.514489341393573,24239,14,17
24240,"R","Alexander Kolodin","Kolodin","http://ballotpedia.org/Alexander_Kolodin",3,"House",NA,"partisan_cross",0.871227364185111,497,433,268,64,30,134,8,0.143009605122732,2,2,NA,33,NA,161274,10820,3526,6772,1951,54,184893,0.872255845272671,0.0585203333820101,0.019070489418204,0.0366265894328071,0.0108441098365,"CVAP",22,0.384146239312865,0.609395743304963,"R",22.5,22.5,0.387907364275029,0.400692968066089,0.373992312455171,0.602940155402804,0.596739666168887,0.618951575824082,21898,6,25
24242,"D","Mariana Sandoval","Sandoval","http://ballotpedia.org/Mariana_Sandoval",23,"House",NA,"partisan_cross",0.980851063829787,470,461,327,9,21,66,7,0.0740740740740741,9,NA,1,NA,6,49576,80213,5812,2275,8206,339,146568,0.338245728944927,0.547274984989902,0.03965394902025,0.0155218055782981,0.058300584029256,"CVAP",22,0.529633092901298,0.460876891588501,"D",6.9,-6.9,0.559522357475667,0.55076105426805,0.504124479930738,0.42451150196375,0.446220036877689,0.486388013756283,24242,19,12
24246,"D","Anastasia Travers","Travers","http://ballotpedia.org/Anastasia_Travers",12,"House",NA,"partisan_cross",0.918256130790191,367,337,320,30,92,24,7,0.0296296296296296,21,NA,8,NA,20,119809,29734,11678,12163,4180,333,178100,0.67270634475014,0.166951151038742,0.0655699045480067,0.0682930937675463,0.0253396967995508,"CVAP",22,0.58388792208508,0.404048577204171,"D",18,-18,0.584684869636625,0.606530198266026,0.572168310218835,0.398532128926299,0.390066218707029,0.413797980591679,24233,20,11
24247,"D","Seth Blattman","Blattman","http://ballotpedia.org/Seth_Blattman",9,"House",NA,"partisan_cross",0.946859903381642,414,392,345,22,80,2,5,0.00236406619385343,59,NA,27,NA,17,98431,40472,11313,4056,5733,316,160852,0.611935195086166,0.251610175813792,0.0703317335190113,0.0252157262576779,0.0376059980603288,"CVAP",22,0.517424117301039,0.467869870045911,"D",5,-5,0.517219551969788,0.537412724562642,0.507532096335864,0.459027122135439,0.457644936063387,0.477403710992409,24230,18,13
24248,"D","Consuelo Hernandez","Hernandez","http://ballotpedia.org/Consuelo_Hernandez",21,"House",NA,"partisan_cross",0.753148614609572,397,299,336,98,30,5,7,0.00645161290322581,49,NA,21,NA,25,61333,84005,8089,3260,3524,250,161031,0.380876973998795,0.521669740608951,0.0502325639162646,0.0202445491861815,0.0234364811744323,"CVAP",22,0.613617369827646,0.3754894306049,"D",23.8,-23.8,0.634588681725194,0.646853531621889,0.58651363298175,0.34927869582269,0.350018078634198,0.401330473981356,22293,21,10
24251,"R","Michele Pena","Pena","http://ballotpedia.org/Michele_Pena",23,"House",NA,"partisan_cross",0.967816091954023,435,421,351,14,50,4,0,0.00476190476190476,50,29,NA,4,NA,49576,80213,5812,2275,8206,339,146568,0.338245728944927,0.547274984989902,0.03965394902025,0.0155218055782981,0.058300584029256,"CVAP",22,0.529633092901298,0.460876891588501,"D",6.9,-6.9,0.559522357475667,0.55076105426805,0.504124479930738,0.42451150196375,0.446220036877689,0.486388013756283,24242,19,12
24254,"R","David Marshall","Marshall","http://ballotpedia.org/David_Marshall_(Arizona)",7,"House",NA,"partisan_cross",0.942307692307692,468,441,371,27,13,62,4,0.0675381263616558,10,9,NA,23,NA,147315,32637,4223,3184,8331,232,196648,0.749130425938733,0.165966600219682,0.0214749196533908,0.0161913673162198,0.0435448110329116,"CVAP",22,0.358788034634623,0.631985587694791,"R",27.3,27.3,0.366054211084305,0.37722416385379,0.345936881800198,0.618694225776561,0.619559697702901,0.644844213649852,20172,5,26
24370,"R","Michael Carbone","Carbone","http://ballotpedia.org/Michael_Carbone",25,"House",NA,"partisan_cross",0.961538461538462,416,400,987,16,19,4,0,0.00280504908835905,55,31,NA,9,NA,103691,55822,8794,3930,2802,302,175880,0.589555378667273,0.317386854673641,0.05,0.022344780532181,0.0176483966340687,"CVAP",22,0.358410913415809,0.63254067971624,"R",27.4,27.4,0.371977286971815,0.364321547148777,0.348672409771321,0.612522100300283,0.632649104524635,0.64249575702002,24370,4,27
24498,"D","Mae Peshlakai","Peshlakai","http://ballotpedia.org/Mae_Peshlakai",6,"House",NA,"partisan_cross",0.958549222797927,386,370,267,16,131,40,9,0.0480192076830732,13,NA,2,NA,14,46511,13560,1852,984,98541,169,161326,0.288304427060734,0.0840534073862862,0.0114798606548232,0.00609945080148271,0.611866655095893,"CVAP",22,0.648975175185578,0.339762549731098,"D",30.9,-30.9,0.657378657378657,0.679744092721515,0.62938897532107,0.326232326232326,0.317281433901304,0.357768219395381,20754,26,5
24939,"R","Julie Willoughby","Willoughby","http://ballotpedia.org/Julie_Willoughby",13,"House",NA,"partisan_cross",0.960280373831776,428,411,1023,17,57,4,0,0.00264550264550265,57,32,NA,11,NA,109544,27871,9955,14988,3097,188,166227,0.659002448459035,0.16766830899914,0.0598879845031192,0.0901658575321699,0.0197621325055496,"CVAP",22,0.499978495920294,0.488864235702142,"D",1.1,-1.1,0.50720607630337,0.517795179838769,0.487456363769519,0.478000413137781,0.478913105009907,0.499271712330439,16649,17,14
24946,"D","Quanta Crews","Crews","http://ballotpedia.org/Quanta_Crews",26,"House",NA,"partisan_cross",0.977722772277228,404,395,292,9,81,24,4,0.0298136645962733,20,NA,7,NA,9,41817,63751,11595,4421,4618,157,126723,0.329987452948557,0.503073633042147,0.0914987808053787,0.0348871159931504,0.0376806104653457,"CVAP",22,0.664255736060647,0.323521891993646,"D",34.1,-34.1,0.685890257558791,0.695519990822004,0.637806347930896,0.296630039193729,0.299747605116733,0.348854961832061,24229,27,4
24950,"D","Betty Villegas","Villegas","http://ballotpedia.org/",20,"House",NA,"partisan_cross",0.97887323943662,426,417,357,9,9,30,11,0.0360144057623049,16,NA,4,NA,8,73693,81807,5919,5342,6703,264,174075,0.423340514146201,0.469952606635071,0.0340025850926325,0.030687921872756,0.0400229786011777,"CVAP",22,0.732980801108734,0.255429174423414,"D",47.8,-47.8,0.74568685248602,0.768415790492163,0.708910280728376,0.239769820971867,0.228504160485067,0.276721358118361,20571,30,1
25172,"D","Elda Luna-Najera","Luna-Najera","http://ballotpedia.org/Elda_Luna-NÃ¡jera",22,"House",NA,"partisan_cross",0.863529411764706,425,367,399,58,9,7,5,0.00828402366863905,42,NA,18,NA,22,41017,81143,16257,3688,2893,228,146246,0.280465790517347,0.554839106710611,0.111162014687581,0.025217783734256,0.0213407546189297,"CVAP",22,0.629572145774972,0.360104995444883,"D",26.9,-26.9,0.666449848669888,0.651595507621,0.6001216134045,0.318164923272978,0.3444157233265,0.388919667590028,14554,25,6
25195,"D","Junelle Cavero","Cavero","http://ballotpedia.org/Junelle_Cavero",11,"House",NA,"partisan_cross",0.923287671232877,365,337,330,28,75,11,11,0.0138888888888889,37,NA,17,NA,19,36830,69771,27380,4413,3891,333,142712,0.258072201356578,0.488893716015472,0.191854924603397,0.0309224171758507,0.029598071640787,"CVAP",22,0.720089249265534,0.267378782463873,"D",45.3,-45.3,0.750208512440173,0.747557871055592,0.691295306783186,0.233598090667625,0.249146488267914,0.293385275459977,24234,29,2
25436,"D","Anna Abeytia","Abeytia","http://ballotpedia.org/Anna_Abeytia",24,"House",NA,"partisan_cross",0.967065868263473,334,323,254,11,213,26,4,0.0312876052948255,19,NA,6,NA,13,41818,69203,11365,3370,3587,165,129845,0.322060918787785,0.532966228965305,0.0875274365589742,0.025954022103277,0.0288959913743309,"CVAP",22,0.624313880369726,0.36405252487896,"D",26,-26,0.651426651090592,0.654357823278222,0.595735523555045,0.33143433244251,0.341317201357714,0.391729282857809,14555,24,7
25437,"R","Pamela Carter","Carter","http://ballotpedia.org/Pamela_Carter",4,"House",NA,"partisan_cross",0.953333333333333,450,429,368,21,23,25,1,0.0288350634371396,22,14,NA,17,NA,153061,17335,4745,8521,1793,646,186461,0.820874070180896,0.0929685027968315,0.025447680748253,0.0456985643110355,0.0130804833182274,"CVAP",22,0.492949794235457,0.498621613432727,"R",0.6,0.6,0.498471084953941,0.518046148180173,0.477640971903858,0.489675025588536,0.47886342892828,0.512973999607047,23883,16,15
25438,"D","Janeen Connolly","Connolly","http://ballotpedia.org/Janeen_Connolly",8,"House",NA,"partisan_cross",0.926582278481013,395,366,348,29,20,15,12,0.0189873417721519,34,NA,15,NA,18,118745,38466,14934,8148,7541,598,189054,0.628100965861606,0.203465676473389,0.0789933035005871,0.0430987971690628,0.0430511917229998,"CVAP",22,0.615734085875345,0.371012197193493,"D",24.5,-24.5,0.633825944170772,0.646628026496117,0.591241186417245,0.345658263305322,0.349289058931019,0.394550733268816,25438,22,9
25439,"R","Lisa Fink","Fink","http://ballotpedia.org/Lisa_Fink",27,"House",NA,"partisan_cross",0.948164146868251,463,439,359,24,5,55,5,0.0620067643742954,11,10,NA,20,NA,120990,37260,7972,7355,3582,155,177918,0.680032374464641,0.209422318146562,0.0448071583538484,0.0413392686518508,0.0210040580492137,"CVAP",22,0.45048408619395,0.538832425096373,"R",8.8,8.8,0.452808353273874,0.473318036246733,0.437904977627597,0.530337176419404,0.522914953924684,0.551038785020701,16648,12,19
25440,"D","Brian Garcia","Garcia","http://ballotpedia.org/Brian_Garcia",8,"House",NA,"partisan_cross",0.98936170212766,470,465,356,5,107,26,4,0.0269989615784008,26,NA,11,NA,4,118745,38466,14934,8148,7541,598,189054,0.628100965861606,0.203465676473389,0.0789933035005871,0.0430987971690628,0.0430511917229998,"CVAP",22,0.615734085875345,0.371012197193493,"D",24.5,-24.5,0.633825944170772,0.646628026496117,0.591241186417245,0.345658263305322,0.349289058931019,0.394550733268816,25438,22,9
25441,"R","Ralph Heap","Heap","http://ballotpedia.org/Ralph_Heap",10,"House",NA,"partisan_cross",0.908665105386417,427,388,321,39,49,80,3,0.0909090909090909,5,5,NA,30,NA,140750,23740,6039,4866,2666,215,178604,0.788056258538443,0.132919755436608,0.0338122326487649,0.0272446305793823,0.0161306577680231,"CVAP",22,0.3972999885569,0.592495580545586,"R",19.5,19.5,0.389769410753115,0.4183394893207,0.390545527076892,0.593694967383486,0.577324554360045,0.599481400219408,10680,9,22
25442,"R","Nickolas Kupper","Kupper","http://ballotpedia.org/Nick_Kupper",25,"House",NA,"partisan_cross",0.957446808510638,470,450,401,20,34,23,4,0.0246781115879828,30,18,NA,15,NA,103691,55822,8794,3930,2802,302,175880,0.589555378667273,0.317386854673641,0.05,0.022344780532181,0.0176483966340687,"CVAP",22,0.358410913415809,0.63254067971624,"R",27.4,27.4,0.371977286971815,0.364321547148777,0.348672409771321,0.612522100300283,0.632649104524635,0.64249575702002,24370,4,27
25443,"R","Chris Lopez","Lopez","http://ballotpedia.org/Chris_Lopez_(Arizona)",16,"House",NA,"partisan_cross",0.976694915254237,472,461,387,11,80,2,2,0.00212089077412513,60,33,NA,3,NA,90179,54623,11508,2902,13928,1014,174747,0.516054638992372,0.312583334763973,0.0658552078147264,0.0166068659261675,0.0855064750753947,"CVAP",22,0.462173164647064,0.528319673759211,"R",6.6,6.6,0.472933273070918,0.479813602217491,0.447972891649925,0.511987427068781,0.517012814847547,0.542139226560258,23001,13,18
25444,"D","Aaron Marquez","Marquez","http://ballotpedia.org/Aaron_Marquez",5,"House",NA,"partisan_cross",0.979550102249489,489,479,387,10,20,25,4,0.027027027027027,25,NA,10,NA,7,98391,46455,12520,6264,5907,348,170361,0.577544156232941,0.272685649884657,0.0734909985266581,0.036768978815574,0.0367161498230229,"CVAP",22,0.690493478267555,0.297975084644604,"D",39.3,-39.3,0.690856115891515,0.720138778212311,0.675489509483197,0.293423011291435,0.276318209123564,0.311079559081708,23022,28,3
25445,"R","Khyl Powell","Powell","http://ballotpedia.org/Khyl_Powell",14,"House",NA,"partisan_cross",0.931106471816284,479,446,340,33,15,78,4,0.0851528384279476,6,6,NA,24,NA,118456,24166,6889,9382,1941,134,161707,0.732534769676019,0.149443128621519,0.0426017426580173,0.0580185149684306,0.012831850198198,"CVAP",22,0.414255052290536,0.575597413875292,"R",16.1,16.1,0.416565724712124,0.434342323609973,0.403056080420024,0.567380671276775,0.563018573684947,0.585995205269722,4260,10,21
25446,"D","Stephanie Simacek","Simacek","http://ballotpedia.org/Stephanie_Simacek",2,"House",NA,"partisan_cross",0.971128608923885,381,370,319,11,142,3,3,0.0035377358490566,54,NA,24,NA,12,121652,29750,9693,5692,3819,134,171478,0.709432113740538,0.173491643242865,0.0565262016118686,0.0331937624651559,0.0230525198567746,"CVAP",22,0.480204486956343,0.5087208315777,"R",2.9,2.9,0.480370269053943,0.507144162251051,0.466651758260189,0.50174280596172,0.489067543699373,0.522036488324854,21904,15,16
25447,"R","James Taylor","Taylor","http://ballotpedia.org/James_Taylor_(Arizona)",29,"House",NA,"partisan_cross",0.967741935483871,465,450,404,15,1,8,1,0.00910125142207053,41,24,NA,5,NA,116569,39217,11851,5445,2464,574,176755,0.659494780911431,0.221872082826511,0.067047608271336,0.0308053520409607,0.0171876325987949,"CVAP",22,0.418604353689995,0.573088720671091,"R",15.4,15.4,0.431520379555747,0.434635712852077,0.404130661176078,0.555074401552728,0.562442853638411,0.587418813746611,4230,11,20
25448,"D","Kevin Volk","Volk","http://ballotpedia.org/Kevin_Volk",17,"House",NA,"partisan_cross",0.807058823529412,425,343,401,82,10,3,5,0.00355450236966825,53,NA,23,NA,23,136452,33310,5768,5818,1764,215,183899,0.741994246842017,0.181132034431944,0.0313650427680412,0.0316369311415505,0.0107613418235009,"CVAP",22,0.480621366394366,0.510191349799007,"R",3,3,0.471304999866099,0.500127331762908,0.475526566974228,0.51425376931523,0.497532947093653,0.514489341393573,24239,14,17
25449,"R","Michael Way","Way","http://ballotpedia.org/Michael_Way",15,"House",NA,"partisan_cross",0.947474747474747,495,469,364,26,17,82,5,0.0851505711318795,7,7,NA,21,NA,118468,29905,7835,5279,3103,318,165619,0.715304403480277,0.180565031789831,0.0473073741539316,0.0318743622410472,0.0206558426267518,"CVAP",22,0.353057295415896,0.637341250349983,"R",28.4,28.4,0.35619142821442,0.371036810902612,0.342500471273276,0.627722937231871,0.626108338456088,0.647766862855986,23050,3,28
